{
  "snapshot": {
    "plantSlug": "spiritus-sancti",
    "source": "soldcomps",
    "marketplace": "ebay.co.uk",
    "query": "Philodendron spiritus sancti",
    "checkedAt": "2026-06-14T18:32:12.217Z",
    "currency": "GBP",
    "rawResultCount": 135,
    "acceptedCount": 12,
    "rejectedCount": 123,
    "outlierCount": 1,
    "confidenceScore": "D",
    "minPrice": 21.977800000000002,
    "p25Price": 45.9148,
    "medianPrice": 52.14,
    "meanPrice": 56.63378333333333,
    "trimmedMeanPrice": 52.85275555555555,
    "p75Price": 67.550925,
    "maxPrice": 104.3906,
    "notes": ""
  },
  "stats": {
    "sampleSize": 12,
    "min": 21.977800000000002,
    "max": 104.3906,
    "median": 52.14,
    "mean": 56.63378333333333,
    "p25": 45.9148,
    "p75": 67.550925,
    "iqr": 21.636125000000007,
    "trimmedMean": 52.85275555555555,
    "confidenceScore": "D",
    "rejectedCount": 123,
    "rejectionReasons": {},
    "outlierCount": 1
  },
  "acceptedCount": 12,
  "rejectedCount": 123
}
